MRS,HARC,SRS,TST,TRA,LARC,SWD
MRS-001,,,,,,
MRS-002,HARC-001,,,,,
MRS-002,HARC-018,,,,,
MRS-002,,SRS-001,,,,
MRS-002,,SRS-002,,,,
MRS-003,HARC-018,,,,,
MRS-004,HARC-001,,,,,
MRS-004,HARC-002,,,,,
MRS-004,HARC-003,,,,,
MRS-004,HARC-004,,,,,
MRS-004,HARC-005,,,,,
MRS-004,HARC-006,,,,,
MRS-004,HARC-007,,,,,
MRS-004,HARC-008,,,,,
MRS-004,HARC-009,,,,,
MRS-004,HARC-010,,,,,
MRS-004,HARC-011,,,,,
MRS-004,HARC-012,,,,,
MRS-004,HARC-013,,,,,
MRS-004,HARC-014,,,,,
MRS-004,HARC-015,,,,,
MRS-004,HARC-016,,,,,
MRS-004,HARC-017,,,,,
MRS-004,HARC-018,,,,,
MRS-004,,SRS-037,,,,
MRS-005,HARC-018,,,,,
MRS-005,,SRS-003,,,,
MRS-005,,SRS-004,,,,
MRS-006,HARC-018,,,,,
MRS-006,,SRS-005,,,,
MRS-007,HARC-018,,,,,
MRS-007,,SRS-006,,,,
MRS-008,HARC-018,,,,,
MRS-008,,SRS-007,,,,
MRS-009,,SRS-008,,,,
MRS-011,HARC-018,,,,,
MRS-011,,SRS-009,,,,
MRS-012,HARC-018,,,,,
MRS-012,,SRS-010,,,,
MRS-013,HARC-018,,,,,
MRS-013,,SRS-011,,,,
MRS-013,,SRS-012,,,,
MRS-013,,SRS-013,,,,
MRS-014,,SRS-014,,,,
MRS-014,,SRS-015,,,,
MRS-015,,SRS-016,,,,
MRS-015,,SRS-017,,,,
MRS-015,,SRS-018,,,,
MRS-015,,SRS-019,,,,
MRS-015,,SRS-020,,,,
MRS-015,,SRS-021,,,,
MRS-015,,SRS-022,,,,
MRS-016,,SRS-023,,,,
MRS-017,HARC-018,,,,,
MRS-018,HARC-018,,,,,
MRS-018,,SRS-024,,,,
MRS-019,HARC-018,,,,,
MRS-020,HARC-018,,,,,
MRS-021,,,,,,
MRS-022,HARC-018,,,,,
MRS-023,,SRS-025,,,,
MRS-024,,,,,,
MRS-025,,SRS-026,,,,
MRS-026,,,,,,
MRS-027,,,,,,
MRS-028,HARC-015,,,,,
MRS-029,,,,,,
MRS-030,HARC-004,,,,,
MRS-030,HARC-005,,,,,
MRS-030,HARC-006,,,,,
MRS-030,HARC-007,,,,,
MRS-030,HARC-008,,,,,
MRS-030,HARC-009,,,,,
MRS-030,HARC-010,,,,,
MRS-030,HARC-011,,,,,
MRS-030,HARC-012,,,,,
MRS-030,HARC-013,,,,,
MRS-030,HARC-014,,,,,
MRS-030,HARC-015,,,,,
MRS-030,HARC-016,,,,,
MRS-030,HARC-017,,,,,
MRS-030,,SRS-027,,,,
MRS-031,HARC-002,,,,,
MRS-031,,SRS-028,,,,
MRS-032,HARC-001,,,,,
MRS-032,HARC-002,,,,,
MRS-032,HARC-003,,,,,
MRS-032,HARC-004,,,,,
MRS-032,HARC-005,,,,,
MRS-032,HARC-006,,,,,
MRS-032,HARC-007,,,,,
MRS-032,HARC-018,,,,,
MRS-032,,SRS-029,,,,
MRS-033,HARC-001,,,,,
MRS-033,HARC-002,,,,,
MRS-033,HARC-018,,,,,
MRS-034,,SRS-030,,,,
MRS-034,,SRS-031,,,,
MRS-034,,SRS-032,,,,
MRS-035,,,,,,
MRS-036,,,,,,
MRS-037,HARC-018,,,,,
MRS-037,,SRS-033,,,,
MRS-038,,,,,,
MRS-039,HARC-001,,,,,
MRS-039,HARC-002,,,,,
MRS-039,HARC-018,,,,,
MRS-039,,SRS-035,,,,
MRS-040,HARC-018,,,,,
MRS-040,,SRS-036,,,,
MRS-041,HARC-001,,,,,
MRS-041,HARC-002,,,,,
MRS-041,HARC-018,,,,,
,,,TST-001,TRA-001,,
,,,TST-002,TRA-002,,
,,,TST-003,TRA-003,,
,,,TST-003,TRA-004,,
,,,TST-003,TRA-020,,
,,,TST-004,TRA-005,,
,,,TST-005,TRA-006,,
,,,TST-006,TRA-007,,
,,,TST-006,TRA-019,,
,,,TST-007,TRA-008,,
,,,TST-008,TRA-009,,
,,,TST-008,TRA-018,,
,,,TST-009,TRA-010,,
,,,TST-010,TRA-017,,
,,,TST-011,TRA-011,,
,,,TST-012,TRA-016,,
,,,TST-013,TRA-012,,
,,,TST-014,TRA-015,,
,,,TST-015,TRA-013,,
,,,TST-016,TRA-014,,
